{
  "providers": [
    {
      "type": "bitmap",
      "file": "minecraft:font/icons/1.png",
      "height": 9.5,
      "ascent": 9.5,
      "chars": [
        "\uE001"
      ]
    },
    {
      "type": "bitmap",
      "file": "minecraft:font/icons/2.png",
      "height": 9.5,
      "ascent": 9.5,
      "chars": [
        "\uE002"
      ]
    },
    {
      "type": "bitmap",
      "file": "minecraft:font/icons/3.png",
      "height": 9.5,
      "ascent": 9.5,
      "chars": [
        "\uE003"
      ]
    },
    {
      "type": "bitmap",
      "file": "minecraft:font/icons/4.png",
      "height": 9.5,
      "ascent": 9.5,
      "chars": [
        "\uE004"
      ]
    },
    {
      "type": "bitmap",
      "file": "minecraft:font/icons/5.png",
      "height": 9.5,
      "ascent": 9.5,
      "chars": [
        "\uE005"
      ]
    },
    {
      "type": "bitmap",
      "file": "minecraft:font/icons/6.png",
      "height": 9.5,
      "ascent": 9.5,
      "chars": [
        "\uE006"
      ]
    },
    {
      "type": "bitmap",
      "file": "minecraft:font/icons/7.png",
      "height": 9.5,
      "ascent": 9.5,
      "chars": [
        "\uE007"
      ]
    },
    {
      "type": "bitmap",
      "file": "minecraft:font/icons/8.png",
      "height": 9.5,
      "ascent": 9.5,
      "chars": [
        "\uE008"
      ]
    },
    {
      "type": "bitmap",
      "file": "minecraft:font/icons/9.png",
      "height": 9.5,
      "ascent": 9.5,
      "chars": [
        "\uE009"
      ]
    },
    {
      "type": "bitmap",
      "file": "minecraft:font/icons/logo.png",
      "height": 32,
      "ascent": 32,
      "chars": [
        "\uE010"
      ]
    },
    {
      "type": "bitmap",
      "file": "minecraft:font/icons/logo.png",
      "height": 64,
      "ascent": 64,
      "chars": [
        "\uE011"
      ]
    },
    {
      "type": "bitmap",
      "file": "minecraft:font/icons/logo.png",
      "height": 128,
      "ascent": 128,
      "chars": [
        "\uE012"
      ]
    }
  ]
}