{"parent":"item/generated","textures":{"layer0":"item/enchanted_book"},"overrides":[{"predicate":{"custom_model_data":1},"model":"item/enchanted_book/1"},{"predicate":{"custom_model_data":2},"model":"item/enchanted_book/2"},{"predicate":{"custom_model_data":3},"model":"item/enchanted_book/3"},{"predicate":{"custom_model_data":4},"model":"item/enchanted_book/4"},{"predicate":{"custom_model_data":5},"model":"item/enchanted_book/5"},{"predicate":{"custom_model_data":6},"model":"item/enchanted_book/6"},{"predicate":{"custom_model_data":7},"model":"item/enchanted_book/7"},{"predicate":{"custom_model_data":8},"model":"item/enchanted_book/8"},{"predicate":{"custom_model_data":9},"model":"item/enchanted_book/9"},{"predicate":{"custom_model_data":10},"model":"item/enchanted_book/10"},{"predicate":{"custom_model_data":11},"model":"item/enchanted_book/11"},{"predicate":{"custom_model_data":12},"model":"item/enchanted_book/12"},{"predicate":{"custom_model_data":21},"model":"item/enchanted_book/21"},{"predicate":{"custom_model_data":22},"model":"item/enchanted_book/22"},{"predicate":{"custom_model_data":23},"model":"item/enchanted_book/23"}]}